Species,Factor,Df,R2,F,p,n
golden shiner,location,1,0.2563628509882328,45.85066685647169,0.001,135
golden shiner,season,2,0.07437569398592157,5.303226990882587,0.004,135
golden shiner,year,2,0.012887064197934695,0.8616503808377202,0.468,135
