Species,Factor,Df,R2,F,p,n
common shiner,location,1,0.08412132898083256,10.5624829345909,0.001,117
common shiner,season,2,0.06307623756923882,3.8373939114521196,0.023,117
common shiner,year,2,0.041534771247744975,2.4700760028650066,0.068,117
